{"cameraMode":{"drawMode":0,"name":"Shaded","section":"Shading Mode"},"sceneLighting":true,"audioPlay":false,"sceneViewState":{"showFog":true,"showMaterialUpdate":false,"showSkybox":true,"showFlares":true,"showImageEffects":true,"showParticleSystems":true},"in2DMode":false,"pivot":{"x":6.518310546875,"y":18.7109375,"z":-25.982421875},"rotation":{"x":0.2946668863296509,"y":-0.04155171662569046,"z":0.012826528400182724,"w":0.9546124935150147},"size":25.384422302246095,"orthographic":true}